<beans xmlns="http://www.springframework.org/schema/beans"
	xmlns:context="http://www.springframework.org/schema/context"
	xmlns:xsi="http://www.w3.org/2001/XMLSchema-instance"
	xmlns:mvc="http://www.springframework.org/schema/mvc"
	xsi:schemaLocation="
http://www.springframework.org/schema/beans
http://www.springframework.org/schema/beans/spring-beans-4.0.xsd
http://www.springframework.org/schema/context
http://www.springframework.org/schema/context/spring-context-4.0.xsd
 http://www.springframework.org/schema/mvc 
 http://www.springframework.org/schema/mvc/spring-mvc-4.0.xsd"
>

	<context:component-scan base-package="com" />
	<bean class="org.springframework.web.servlet.view.InternalResourceViewResolver">
	<property name="viewClass" value="org.springframework.web.servlet.view.JstlView"></property>
		<property name="prefix">
			<value>/WEB-INF/views/</value>
		</property>
		<property name="suffix">
			<value>.jsp</value>
		</property>
	</bean>

	<mvc:resources mapping="/resources/**" location="/resources/"/>

    <mvc:annotation-driven />
	
</beans>
